id,name,model_id/id,group_id/id,perm_read,perm_write,perm_create,perm_unlink
access_books,access_books,model_books,base.group_user,1,1,1,1
access_author,access_author,model_author,base.group_user,1,1,1,1
access_books_category,access_books_category,model_books_category,base.group_user,1,1,1,1
access_books_department,access_books_department,model_books_department,base.group_user,1,1,1,1
access_books_publisher,access_books_publisher,model_books_publisher,base.group_user,1,1,1,1
access_rack,access_rack,model_rack,base.group_user,1,1,1,1
access_shelf,access_shelf,model_shelf,base.group_user,1,1,1,1
access_book_issue,access_book_issue,model_book_issue,base.group_user,1,1,1,1